Ship Name,Capacity (TEU),Speed (knots),Length (m),Beam (m),Draft (m),Displacement (tons),Block Coefficient
Synthetic_3536,19038,23.212495843607503,398.367879332948,56.44112188936599,15.795807297411638,196458.39691633667,0.5815532148120696
Synthetic_3306,19038,23.28224805349904,398.3022610889577,56.3976737599168,15.763061526274427,196458.317712037,0.6824433092668698
Synthetic_2520,22942,22.513461144711474,398.49320452222304,60.634527106516224,15.76985208696755,226128.63232009363,0.6915214733161498
Synthetic_6682,16884,22.61900482752115,398.42494972522724,57.522137698528034,15.318501806772002,160949.94116632358,0.6248988966362642
Synthetic_1076,19037,23.233503876097267,398.3643224749309,56.40254241535809,15.666165775781057,196458.26957557266,0.6593758371789828
